Make,Model,vehicle_claim,rank
alfaromeo,ca,68478.43,9.0
aprilia,aprilia,55910.39,5.0
aprilia,discover125,445264.17000000004,56.0
aprilia,pulsar150,55714.08,5.0
aprilia,sr125,121642.85,17.0
ashokleyland,1510,491725.69,58.0
ashokleyland,1613,5436408.92,91.0
ashokleyland,1616,476812.62,57.0
ashokleyland,2516,5202767.88,91.0
ashokleyland,bowser,445725.61,56.0
ashokleyland,ca,389751.82,53.0
ashokleyland,cargo1613,1200362.6400000001,74.0
ashokleyland,comet,4303524.13,89.0
ashokleyland,comettipper,4872843.24,90.0
ashokleyland,dafeuro6,358060.62,51.0
ashokleyland,dost,307564.66,46.0
ashokleyland,dosthalfbody,5531900.38,91.0
ashokleyland,ecomet1112,143443.62,22.0
ashokleyland,ecommet,486757.7,58.0
ashokleyland,europower,117133.86,16.0
ashokleyland,evico909,199870.9,31.0
ashokleyland,g45,1003829.55,72.0
ashokleyland,gn125,71534.96,9.0
ashokleyland,hino,2501638.2,85.0
ashokleyland,hinoturbo54seat,270839.49,43.0
ashokleyland,jive,315238.18,47.0
ashokleyland,king,11839738.959999999,95.0
ashokleyland,leyland,10896260.25,95.0
ashokleyland,leylandtiming,248369.05,39.0
ashokleyland,lynx,2221208.11,83.0
ashokleyland,mirajhyosung,132731.83,20.0
ashokleyland,mitr,211364.95,33.0
ashokleyland,ruby,2652385.0,85.0
ashokleyland,s195n,122268.82,18.0
ashokleyland,shine,853617.54,69.0
ashokleyland,stellaawdsafetyturbo,678563.8,65.0
ashokleyland,tipper,1764733.81,80.0
ashokleyland,turbo,771694.49,67.0
ashokleyland,tusker,300676.5,46.0
ashokleyland,tuskersuper1613,641893.97,64.0
ashokleyland,ws400wheelloader,577656.79,62.0
atco,cerato,219119.87,34.0
atco,elf,259798.88,41.0
atco,re,246417.37,39.0
atco,tipper,219466.37,35.0
audi,a1,541379.71,60.0
audi,a3,33436939.88,98.0
audi,a3sline,2260760.3,83.0
audi,a4,20936019.87,97.0
audi,a6,3183420.52,87.0
audi,a6tdi,5056665.09,91.0
audi,a8,4562970.27,90.0
audi,dawn,885590.18,70.0
audi,etron,5688319.279999999,92.0
audi,etron50quattro,9066914.49,94.0
audi,everyda17,2487897.71,84.0
audi,ist,280209.06,44.0
audi,metro,2786119.58,86.0
audi,q2,18307188.16,97.0
audi,q3dfsisline,1989356.17,82.0
audi,q5,1947561.66,81.0
audi,q7,2640479.3499999996,85.0
audi,q8etrone,2919167.05,86.0
audi,sline,4369301.59,90.0
audi,sport,2909273.19,86.0
austin,comet,215320.95,34.0
bajaj,1510,81566.5,11.0
bajaj,2stroke,67009331.16,99.0
bajaj,4stroke,4419482.78,90.0
bajaj,a1,3171662.03,87.0
bajaj,avenger,60184.64,6.0
bajaj,boxer,167036.57,26.0
bajaj,boxerct,2463883.55,84.0
bajaj,byk100,113884.51000000001,15.0
bajaj,caliber,783140.58,68.0
bajaj,champion,49837.71,2.0
bajaj,chetak,49163.59,2.0
bajaj,cooper,51668.31,3.0
bajaj,ct100,18567260.06,97.0
bajaj,dimobatta,242454.2,39.0
bajaj,discover,72126.94,9.0
bajaj,discover125,834926.26,69.0
bajaj,discover135,25449448.04,98.0
bajaj,discover150,2001260.23,82.0
bajaj,h100,95167.67,12.0
bajaj,ist,129779.47,19.0
bajaj,l200,82295.63,11.0
bajaj,platina,714806.17,66.0
bajaj,platina125,4586322.27,90.0
bajaj,pulsar,12099072.9,95.0
bajaj,pulsar150,16113851.32,96.0
bajaj,pulsaras150,72569.56,10.0
bajaj,pulsarns160,51064.48,3.0
bajaj,rangeroverevoque,891422.24,70.0
bajaj,re,74548962.87,100.0
bajaj,rv125,63872.28,8.0
bajaj,s200,64716.49,8.0
bajaj,savagesupra,49097.78,2.0
bajaj,super,61622.7,7.0
bajaj,trics,57295.6,5.0
bajaj,v15,836110.7,69.0
bajaj,wave,559851.55,61.0
bajaj,xcd,829471.53,69.0
bmw,1316,1000279.34,72.0
bmw,2518,875731.3,69.0
bmw,316i,183169.59,28.0
bmw,318i,12636278.02,95.0
bmw,320d,2499384.42,84.0
bmw,320de46facelift,1691100.5499999998,79.0
bmw,320i,1444687.3,77.0
bmw,520d,14787461.28,96.0
bmw,520i,1576433.72,78.0
bmw,520i3,440424.41,55.0
bmw,523i,116488.05,16.0
bmw,730li,1270072.91,75.0
bmw,740lemsport,11230405.67,95.0
bmw,c350e,1740167.56,80.0
bmw,cooper,766868.16,67.0
bmw,dimobattaex2,2548932.4299999997,85.0
bmw,e36,192438.08,30.0
bmw,e90320i,2016194.1400000001,82.0
bmw,ee90,370980.9,52.0
bmw,hilux3lthailand,5041367.45,91.0
bmw,i3rangeextender,646354.93,64.0
bmw,jive,2332699.74,84.0
bmw,liteacecm51,1459231.98,77.0
bmw,pcx160cc,4348334.45,90.0
bmw,rio,883946.82,70.0
bmw,sport,1826821.1,81.0
bmw,x1,5226409.21,91.0
bmw,x3,1301980.84,75.0
bmw,x5,7305146.35,93.0
bmw,x54x4,3557130.46,88.0
bmw,x5msport,2689170.73,85.0
borgward,bomag4tonroller,127648.9,19.0
borgward,sifengn12,115410.03,15.0
byd,bowser,124400.97,18.0
cat,308c,1073480.57,73.0
cat,311drr,536157.21,60.0
cat,910g,380376.19,52.0
cat,b32,240874.29,38.0
cat,bomag4tonroller,230417.69,37.0
cat,ca,403053.13,54.0
cat,cb32,197876.53,31.0
cat,cb534,366427.36,51.0
cat,cr36,159085.56,25.0
cat,d3cdozer,275221.7,43.0
cat,d4e,1737743.56,80.0
cat,d6d,245280.1,39.0
cat,e70,463699.85,56.0
cat,excavator,1955635.81,81.0
cat,mm30cr,263915.08,41.0
cat,sumitomosh210h,656944.47,64.0
cat,tata,206837.47,32.0
ceygra,cg125,59202.79,6.0
ceygra,gn125,103356.42,13.0
changan,2008,218804.56,34.0
changan,buddytruck,199629.75,31.0
changan,chana,2044105.58,82.0
changan,changan2008,1551198.23,78.0
changan,double,217360.16,34.0
changan,hunkdouble,197122.58,30.0
changan,re,815178.5700000001,69.0
changan,sc1040,393376.31,53.0
chery,eicher,262877.56,41.0
chery,qq,2358821.84,84.0
chevrolet,aveo,315891.49,47.0
chevrolet,spare,121778.87,17.0
chevrolet,swiftcruzegm,736874.4,67.0
chevrolet,uav,116768.56,16.0
chevrolet,wave,727687.5900000001,66.0
citroen,dfk,51807.02,3.0
daewoo,daewoo,83779.74,11.0
daewoo,gs125,56151.37,5.0
daewoo,novus,281893.14,44.0
daewoo,scooby,61285.29,6.0
daihatsu,apachertr200,599970.39,63.0
daihatsu,atrai,912902.14,70.0
daihatsu,booncilq,863097.5800000001,69.0
daihatsu,cast,371741.98,52.0
daihatsu,charadesedancorolla,1585799.29,78.0
daihatsu,corolla2,128859.89,19.0
daihatsu,d21singlecab,290300.2,45.0
daihatsu,daihatsu,303679.75,46.0
daihatsu,deltav119,201509.99,32.0
daihatsu,hijet,25001478.7,98.0
daihatsu,hijets321,309151.65,46.0
daihatsu,mira,536622.0,60.0
daihatsu,mirajhyosung,2073151.6500000001,82.0
daihatsu,picanto,420548.44,54.0
daihatsu,platinaes100,134451.71,20.0
daihatsu,re,833839.14,69.0
daihatsu,rio,578871.05,62.0
daihatsu,s200,584860.05,62.0
daihatsu,tes310p,140707.65,21.0
daihatsu,trailer,1173369.3399999999,74.0
daihatsu,wagonr,329180.16,48.0
daihatsu,ws210,507938.98,59.0
datsun,d21,300020.39,45.0
datsun,re,1960458.28,81.0
demak,agrimec,119378.92,17.0
demak,ca,203390.18,32.0
demak,civic,146163.03,22.0
demak,corollaae100marino,199147.4,31.0
demak,ct100,31114.62,1.0
demak,demak,65504.01,8.0
demak,dtm,124514.89,18.0
demak,dtm200,645427.1900000001,64.0
demak,dxt,124573.20000000001,18.0
demak,dzm,62212.53,7.0
demak,l200,625778.04,64.0
demak,premiogsuperior,50226.82,3.0
demak,q3dfsisline,71060.72,9.0
demak,rio,54123.98,4.0
demak,savagesupra,104113.03,13.0
demak,skyborn,58094.83,5.0
demak,skyline,66766.0,9.0
demak,star,178822.24,28.0
demak,zr,50180.03,2.0
dfac,re,269288.85,42.0
dfsk,d2,220472.69,35.0
dfsk,dfsk,746484.9199999999,67.0
dfsk,glory,98216.22,12.0
dfsk,minica,244811.12,39.0
dfsk,qe1020,432586.13,55.0
dfsk,re,483451.1,58.0
dfsk,unimo,10613259.51,95.0
ducati,panda,212855.36,33.0
dyno,dynoscooby,72469.21,10.0
dyno,nevrop,51615.66,3.0
eicher,1112xp,312807.92,47.0
eicher,20feet,274656.73,43.0
eicher,5105,385623.25,53.0
eicher,canter,253616.07,40.0
eicher,comettipper,196040.43,30.0
eicher,elf105feetabody,272710.88,43.0
eicher,hero,1708699.1400000001,79.0
eicher,jumbo2016,137443.13,21.0
eicher,pro1095,290141.99,45.0
eicher,q3dfsisline,275634.09,43.0
eicher,swiftcenterantenna,296457.17,45.0
faw,a1,212580.52,33.0
faw,caravankota,209967.71,33.0
faw,dualpurpose2017,199177.02,31.0
faw,faw,269177.06,42.0
faw,faw2012,9953034.2,94.0
faw,king,153018.02,24.0
faw,re,225531.68,36.0
ferrari,re,61526.61,7.0
fiat,fsm126,355131.55,50.0
fiat,uno,108124.46,14.0
force,force,1074644.72,73.0
force,king,369611.93,51.0
force,tera,282034.03,44.0
ford,c300,260336.46000000002,41.0
ford,farmtrac6050,155442.84,24.0
ford,laser,1609898.54,79.0
ford,ranger,487529.41,58.0
ford,ranger20ft,1975794.79,81.0
ford,rf,628603.84,64.0
ford,xtrail,111090.76,14.0
foton,atlasboomtruck,267031.19,42.0
foton,aumark,4472913.08,90.0
foton,bj1028,214866.29,33.0
foton,bj1039r,600584.9,63.0
foton,bj1056r,478727.57,57.0
foton,bj3063,61681.53,7.0
foton,comettipper,147000.2,23.0
foton,dashvx,71409.17,9.0
foton,double,774734.98,67.0
foton,fl23002014,247209.35,39.0
foton,fl2400,1237030.57,75.0
foton,forland,420892.13,55.0
foton,foton,5071788.45,91.0
foton,hunkdouble,4870146.35,90.0
foton,re,620006.21,63.0
foton,sl1021b,227195.68,36.0
hero,bik,55527.68,4.0
hero,bolero,61265.48,6.0
hero,cbz,103321.34,13.0
hero,cddawn,311180.11,47.0
hero,dash,55648.28,4.0
hero,dashvx,2626143.98,85.0
hero,deluxe,120439.54999999999,17.0
hero,destini,115925.03,16.0
hero,duet,209820.94,33.0
hero,every,196677.36,30.0
hero,glamour,51481.52,3.0
hero,honda,54644.89,4.0
hero,hunk,67376.19,9.0
hero,hunkdouble,1113482.01,73.0
hero,ismart,122937.08,18.0
hero,maestro,69857.48,9.0
hero,maestroedge,3599332.25,88.0
hero,mini,133954.75,20.0
hero,npr,116930.28,16.0
hero,passion,103601.79999999999,13.0
hero,passo,216031.73,34.0
hero,re,19323109.46,97.0
hero,smartcab,389112.9,53.0
hero,splendornxg,63023.69,7.0
hero,stunner,69394.05,9.0
hero,unicorn150cc,72528.53,10.0
herohonda,bite,41662.37,1.0
herohonda,c300,118277.59,17.0
herohonda,cbz,246722.94,39.0
herohonda,cd100ss,53632.05,4.0
herohonda,cddawn,1178281.11,74.0
herohonda,deluxe,302978.07,46.0
herohonda,glamour,782718.53,68.0
herohonda,hunkdouble,640971.87,64.0
herohonda,karizma225,167695.07,26.0
herohonda,maestroedge,56570.34,5.0
herohonda,re,163314.72,25.0
herohonda,splendornxg,232321.16,37.0
higer,ihi30jexcavator,142939.46,22.0
hino,comettipper,197878.15,31.0
hino,hinoturbo54seat,168460.03,26.0
hino,r2,262353.43,41.0
hino,rangernk70mvpj,264051.09,41.0
hitachi,1220,383275.1,52.0
hitachi,caravane25,154180.88,24.0
hitachi,excavator,278774.13,44.0
hitachi,hx99baerialflatform,336082.25,48.0
hitachi,x2,659023.7,64.0
hitachi,zx703,209520.86,33.0
honda,1630,292970.68,45.0
honda,48cc,108634.34,14.0
honda,a1,158981.91999999998,24.0
honda,accord,3024663.81,86.0
honda,activai,1840978.81,81.0
honda,acty,152398.16,23.0
honda,actyon,3000667.82,86.0
honda,adv,529924.11,60.0
honda,alba2005,60185.95,6.0
honda,altojapan,115517.54000000001,16.0
honda,aquagspecialedition,359680.35,51.0
honda,atv,116523.56,16.0
honda,ax1,626022.97,64.0
honda,axioggrade,712786.4299999999,66.0
honda,b12,232285.38,37.0
honda,bomag4tonroller,123895.38,18.0
honda,boxerct,3429500.21,88.0
honda,burgman,87269.55,12.0
honda,c200premiumplusamg,325313.64,48.0
honda,c90,108015.73000000001,14.0
honda,carrier,238673.7,38.0
honda,cb160,73930.18,10.0
honda,cb4,361753.81,51.0
honda,cbhornet,5156764.12,91.0
honda,cbr,250298.35,40.0
honda,cbr600,552988.1900000001,61.0
honda,cbrgullarm,507304.45999999996,59.0
honda,cd100ss,143649.11,22.0
honda,cd125,3189192.44,87.0
honda,cd200,81930.05,11.0
honda,cd50,568931.67,62.0
honda,cd90,113253.42,15.0
honda,cd90benly,769391.34,67.0
honda,cg125,159554.55,25.0
honda,chaly50,263629.39,41.0
honda,city,158911.82,24.0
honda,cityride,1059494.01,72.0
honda,civic,27847919.69,98.0
honda,civicfd3,385342.61,53.0
honda,cm,679092.55,65.0
honda,crfrally250cc,246759.27999999997,39.0
honda,crm250,59152.02,6.0
honda,crossroad,347453.17,50.0
honda,crv,1376510.75,76.0
honda,crz,2070202.5299999998,82.0
honda,custom50,49558.39,2.0
honda,daelimmagma,63685.25,7.0
honda,dashvx,69217.47,9.0
honda,dayz,442225.79,55.0
honda,dc70,158869.89,24.0
honda,deluxe,46017.35,2.0
honda,dio,44471955.72,99.0
honda,e25,76535.9,10.0
honda,excavator,183153.46,28.0
honda,fd42,261916.65,41.0
honda,fit,46785228.54,99.0
honda,fitgp1,719558.1000000001,66.0
honda,fitgp5lgradesafety,52130734.58,99.0
honda,forza,77470.84,10.0
honda,gn125,353056.86,50.0
honda,graceex,35374192.71,98.0
honda,grazia,2918586.84,86.0
honda,hh3,168806.21,26.0
honda,honda,518736.29000000004,60.0
honda,hornet,1755612.6300000001,80.0
honda,insight,19540672.31,97.0
honda,ist,804425.65,68.0
honda,jf,46841.72,2.0
honda,johnnypag,83945.37,11.0
honda,lacustom250,64854.58,8.0
honda,liteacecm36,56827.44,5.0
honda,littlecub,70834.4,9.0
honda,m5,76314.62,10.0
honda,md90,1684767.73,79.0
honda,n16,62484.88,7.0
honda,navi,1725453.0899999999,79.0
honda,nbox,477123.52,57.0
honda,nwgn,1920935.1400000001,81.0
honda,pcx,1108772.78,73.0
honda,pcx150angellight,371225.93,52.0
honda,pcx160cc,4478584.69,90.0
honda,pulsar150,76056.79,10.0
honda,r2,387743.56,53.0
honda,ray,126894.94,19.0
honda,re,9506710.71,94.0
honda,sccoby,47603.77,2.0
honda,shine,66245.98,8.0
honda,sifang,38022.49,1.0
honda,slx,55646.9,4.0
honda,spaciacustom,471689.93,57.0
honda,spadant,75130.89,10.0
honda,spike,806711.79,68.0
honda,splendornxg,62973.69,7.0
honda,stunner,226518.25,36.0
honda,superace,1288030.84,75.0
honda,supercub,473993.35,57.0
honda,supercub90,47675.58,2.0
honda,thepel90,91014.17,12.0
honda,trigger,133753.84,20.0
honda,unicorn,57990.18,5.0
honda,unicorn150cc,118100.84,17.0
honda,vanette,686185.97,65.0
honda,vasel,387091.29,53.0
honda,vezel,7756536.87,93.0
honda,vezelorange,8756588.9,94.0
honda,vezelrs,84094802.49,100.0
honda,vezelzorange,1031820.22,72.0
honda,vivaelite,59137.34,6.0
honda,wave,185648.64,29.0
honda,x1,52529.04,3.0
honda,xbladecb160,233275.76,37.0
honda,xl,353826.48,50.0
honda,xr125l,75290.81,10.0
honda,yd125,278244.81,44.0
hyundai,accentgls,2844505.32,86.0
hyundai,alto,181121.36,28.0
hyundai,canter1454d35,319922.19,47.0
hyundai,ct100,1739529.12,80.0
hyundai,dolphinlh123,614689.0,63.0
hyundai,elantra,1069304.64,72.0
hyundai,eon,4813534.5,90.0
hyundai,excel,104418.41,13.0
hyundai,getz,431585.59,55.0
hyundai,grandi10,2175359.56,83.0
hyundai,hyundai,372925.06999999995,52.0
hyundai,ioniq,678355.0,65.0
hyundai,re,756696.41,67.0
hyundai,santro,954130.35,71.0
hyundai,sonata,117903.08,17.0
hyundai,sonatanf,5981471.78,92.0
hyundai,tafe,342216.09,49.0
hyundai,trajet,269568.52,42.0
hyundai,tucson,355119.21,50.0
ihi,excavator,159322.76,25.0
ihi,ihi30jexcavator,157651.02,24.0
isuzu,1615,319512.81,47.0
isuzu,161520diga,1586936.6,78.0
isuzu,350fullbody,981176.65,71.0
isuzu,4be1,493454.85,58.0
isuzu,4hf1,726219.1,66.0
isuzu,4hl1,503295.78,59.0
isuzu,4jb1,229035.54,36.0
isuzu,atlas,246634.12,39.0
isuzu,boom,343587.64,49.0
isuzu,buddytruck,340280.47,49.0
isuzu,ca,202496.23,32.0
isuzu,cabstar,244275.09,39.0
isuzu,canter,116746.45,16.0
isuzu,carrier,1487886.24,77.0
isuzu,comettipper,11562519.790000001,95.0
isuzu,d21singlecab,82177.82,11.0
isuzu,double,1392439.53,77.0
isuzu,dumptruck,208491.25,32.0
isuzu,e200,250744.81,40.0
isuzu,e200kompressor,224003.12,35.0
isuzu,e350,394650.38,53.0
isuzu,elf,26236420.97,98.0
isuzu,elffreezer4hg1,976598.6599999999,71.0
isuzu,fargo,2559125.57,85.0
isuzu,forward,365397.17,51.0
isuzu,furukawafl302,408241.61,54.0
isuzu,harrier,499745.24,59.0
isuzu,hino,177386.72,27.0
isuzu,ihi30jexcavator,164162.08,25.0
isuzu,isuzu,10066110.43,94.0
isuzu,jj1,886031.78,70.0
isuzu,journey,574611.7000000001,62.0
isuzu,journeyl,1213371.81,74.0
isuzu,jt600gemini,170417.69,27.0
isuzu,justonforward,4477594.49,90.0
isuzu,kb240,104449.69,13.0
isuzu,kcakr,77572.28,11.0
isuzu,king,218450.02,34.0
isuzu,loader,205406.7,32.0
isuzu,maxximo,237050.95,38.0
isuzu,mini,1064554.59,72.0
isuzu,motor,444296.32,56.0
isuzu,n700,492836.94,58.0
isuzu,nhr,895827.9299999999,70.0
isuzu,nhr1504jg2,152590.42,23.0
isuzu,nhr69eu3es,799256.75,68.0
isuzu,nkr,1592342.49,79.0
isuzu,nkr55e,129068.13,19.0
isuzu,npr,3177231.95,87.0
isuzu,npr59lenjn4bd1,123101.89,18.0
isuzu,nps4wd,234226.94,37.0
isuzu,pbnkr81an,2700135.7199999997,85.0
isuzu,pc307,145683.72,22.0
isuzu,r2,182201.72,28.0
isuzu,rayzrdiskbrake,559554.21,61.0
isuzu,re,12679883.61,95.0
isuzu,star,308714.77,46.0
isuzu,swiftrsturbo,565542.01,61.0
isuzu,tadanots75m,518952.83,60.0
isuzu,tfr54h,744303.97,67.0
isuzu,tfs54,616794.61,63.0
isuzu,tipper,2788565.7,86.0
isuzu,wfr62d,165394.6,26.0
iveco,forklift,143364.3,22.0
jac,1220,100249.16,13.0
jac,145ft,456369.57,56.0
jac,4x4,873122.79,69.0
jac,5105,234917.91,37.0
jac,abltipper,231376.31,37.0
jac,atlasboomtruck,289505.38,45.0
jac,canter145feetwideface6studs,280725.67,44.0
jac,comettipper,703584.17,66.0
jac,dimolokka,148361.01,23.0
jac,dynasinglewheel,796634.5900000001,68.0
jac,elf,213598.16,33.0
jac,fullbody,136768.88,21.0
jac,harrier,234921.22,37.0
jac,hfc,2186838.45,83.0
jac,jac,3625399.48,88.0
jac,re,166606.41,26.0
jac,t94x4,821816.08,69.0
jaguar,stypefacelift,336149.42,48.0
jcb,2cx,288770.44,45.0
jcb,3cxp12,617213.41,63.0
jcb,3dx,194409.62,30.0
jcb,83cx,1766295.65,80.0
jcb,ct,398428.26,53.0
jcb,dash,195195.93,30.0
jcb,jcb,472331.83,57.0
jcb,loader,709942.5,66.0
jcb,nmax,262441.13,41.0
jcb,p21,494584.17,59.0
jcb,project12,2141280.7,83.0
jcb,re,226613.0,36.0
jcb,sojend530,266808.1,42.0
jialing,supercub,55309.71,4.0
jmc,145aluminumwithalljapanparts,218590.34,34.0
jmc,adc2011,220981.38,35.0
jmc,comettipper,263825.64,41.0
jmc,dualpurpose2017,258120.23,40.0
jmc,jmc,1795915.9,80.0
jmc,k700,484690.6,58.0
jmc,n700,961141.03,71.0
jmc,zr,388180.97,53.0
johndeere,1510,145353.54,22.0
johndeere,45d,234956.63,38.0
johndeere,johndeere5310,149904.28,23.0
johndeere,pc306,237684.84,38.0
johndeere,re,490236.38,58.0
kawasaki,double,172724.07,27.0
kawasaki,dtracker,11785045.19,95.0
kawasaki,x2,190609.43,29.0
kia,2700,699717.21,66.0
kia,alto,791088.42,68.0
kia,apachertr200,237091.23,38.0
kia,cgjapan,129336.27,19.0
kia,cityride,130332.73,19.0
kia,ct,690879.35,65.0
kia,frontier,459954.86,56.0
kia,kia,547269.62,61.0
kia,mentorjapan,207237.88,32.0
kia,picanto,5615490.15,91.0
kia,premiogsuperior,3323242.66,87.0
kia,re,3766986.05,88.0
kia,rush,113785.8,15.0
kia,sephia,44734.27,2.0
kia,sport,241365.66,38.0
kinetic,king,116343.04999999999,16.0
kinetic,safari4s,379273.05,52.0
kobelco,1220,258937.96,40.0
kobelco,2008,1469618.28,77.0
kobelco,4stroke2008,517202.9,60.0
kobelco,aumark,557199.91,61.0
kobelco,excavator,203724.22,32.0
kobelco,excavator110,152127.06,23.0
kobelco,k35,178842.2,28.0
kobelco,k7,683742.3200000001,65.0
kobelco,sk07200,888441.22,70.0
kobelco,sk2008,676968.21,65.0
kobelco,slk200amg,185990.81,29.0
komatsu,1206e,400623.41,54.0
komatsu,1220,375647.28,52.0
komatsu,1510,263750.51,41.0
komatsu,5wibason,178717.57,28.0
komatsu,cast,143182.34,22.0
komatsu,cooper,214841.61,33.0
komatsu,das6pc15,165728.21,26.0
komatsu,dash,622075.69,63.0
komatsu,discover125103,201337.7,31.0
komatsu,double,341903.66000000003,49.0
komatsu,excavator,1315108.18,76.0
komatsu,fd20,215457.89,34.0
komatsu,fd42,194224.96,30.0
komatsu,freelander2,164769.58,26.0
komatsu,ihi27g,173223.35,27.0
komatsu,komatsu,692050.84,65.0
komatsu,l200,411240.49,54.0
komatsu,loader,940106.53,71.0
komatsu,motor,341530.65,49.0
komatsu,pandalc10,142578.44,21.0
komatsu,pc20das5,503419.96,59.0
komatsu,pc210lc,450364.93,56.0
komatsu,pc28uu,484504.94,58.0
komatsu,pc30,177778.67,27.0
komatsu,pc307,1813532.84,81.0
komatsu,pc40,325510.52,48.0
komatsu,pc607,223949.42,35.0
komatsu,re,204804.5,32.0
komatsu,s200,156308.15,24.0
komatsu,wa701,283358.43,44.0
ktm,discover125,367037.76,51.0
ktm,duke125,252209.65000000002,40.0
ktm,e200,116629.45,16.0
ktm,frontier,244408.9,39.0
ktm,ktm,85120.86,11.0
kubota,35longarm,211283.37,33.0
kubota,3600,162783.31,25.0
kubota,3608,222457.53,35.0
kubota,4508,113990.58,15.0
kubota,4710,111695.12,15.0
kubota,a8,127884.55,19.0
kubota,agrimec,106499.8,13.0
kubota,agromechjet5,112855.06,15.0
kubota,agrotecheco,314292.76,47.0
kubota,b14,137107.07,21.0
kubota,b1702,140027.98,21.0
kubota,bomag,133133.57,20.0
kubota,bowser,116842.3,16.0
kubota,c70,146009.32,22.0
kubota,canter,113987.14,15.0
kubota,cbr600,880642.56,70.0
kubota,cgjapan,145679.73,22.0
kubota,dc70,468271.80000000005,57.0
kubota,discover125,2747118.17,86.0
kubota,excavator,159823.82,25.0
kubota,excavator110,280956.82,44.0
kubota,gn125,604059.75,63.0
kubota,h1,132652.69,20.0
kubota,harvester,1549621.33,78.0
kubota,harvesterdc68g,357097.65,50.0
kubota,k025,147241.15,23.0
kubota,k35,104724.94,13.0
kubota,k550,361148.1,51.0
kubota,k700,1490604.16,78.0
kubota,k75,2101926.91,83.0
kubota,kh24,172609.57,27.0
kubota,kubota,2742772.04,86.0
kubota,l1500,654577.96,64.0
kubota,l200,142657.86,21.0
kubota,l2201,700367.37,66.0
kubota,l4508,2415211.7199999997,84.0
kubota,m4030,141205.92,21.0
kubota,m4900,145837.44,22.0
kubota,m80,273159.4,43.0
kubota,md90,128047.09,19.0
kubota,nbox,114635.2,15.0
kubota,rd140,68810.99,9.0
kubota,rk80,3094044.9,87.0
kubota,rt140,168334.56,26.0
kubota,rv00,360239.58999999997,51.0
kubota,sh812,117576.45,17.0
kubota,sifang,3117633.43,87.0
kubota,t5,464765.85,56.0
kubota,tera,109328.48,14.0
kubota,x3,159290.78,25.0
kubota,xtrail,1060620.1,72.0
kubota,yanmar,104100.0,13.0
kubota,zk7,133106.45,20.0
landrover,5245,1230505.39,75.0
landrover,re,2701372.85,86.0
landrover,sport,3162148.35,87.0
loncin,48cc,257367.95,40.0
loncin,cd90benly,108756.01000000001,14.0
loncin,lx48q,59863.75,6.0
loncin,q7,62266.66,7.0
loncin,safari4s,93364.02,12.0
loncin,superace,406884.11,54.0
loncin,supercub,48229.66,2.0
loncin,x1,229477.34,36.0
mahindra,2008,248174.5,39.0
mahindra,45di,1348968.26,76.0
mahindra,575di,1054516.5499999998,72.0
mahindra,alfa,433202.19,55.0
mahindra,bmtmdi,194463.55,30.0
mahindra,bmtplusvx,1728130.6600000001,80.0
mahindra,bolero,58126863.55,99.0
mahindra,centra,410312.86,54.0
mahindra,comettipper,481240.19999999995,58.0
mahindra,cosmo,513873.51,60.0
mahindra,crownsupersaloon,215231.89,34.0
mahindra,ct,306460.28,46.0
mahindra,d21singlecab,311592.96,47.0
mahindra,dimo,786633.98,68.0
mahindra,genio,107640.87,14.0
mahindra,gio,526293.94,60.0
mahindra,gusto,630071.67,64.0
mahindra,hero,59050.85,5.0
mahindra,i3,254114.99,40.0
mahindra,jeeto,3171986.67,87.0
mahindra,king,179098.51,28.0
mahindra,maxximo,35543951.67,98.0
mahindra,nmax,239263.52,38.0
mahindra,optimo,272312.07,43.0
mahindra,r2,141571.24,21.0
mahindra,rio,324829.98,48.0
mahindra,rodeo,101136.92,13.0
mahindra,scootystreak,31813.26,1.0
mahindra,scorpio,1049435.23,72.0
mahindra,supro,1129427.17,73.0
mahindra,xtrail,235024.09,38.0
mahindra,yuvo575di,284991.2,44.0
masseyferguson,1552,662787.6799999999,65.0
masseyferguson,4x4,232084.57,37.0
masseyferguson,bowser,136661.56,21.0
masseyferguson,intruder155,228035.12,36.0
masseyferguson,masseyferguson,112916.31,15.0
masseyferguson,mf135,396817.37,53.0
masseyferguson,mf240,592144.49,62.0
masseyferguson,pulsar150,183908.09,28.0
masseyferguson,trailer,112541.9,15.0
masseyferguson,xtrail,510434.72,59.0
mazda,323bj5,453768.18,56.0
mazda,4x4,187836.15,29.0
mazda,625lgt,504955.27,59.0
mazda,a3,202290.91,32.0
mazda,axelaskyactiv,501924.44,59.0
mazda,bg7p,141960.69,21.0
mazda,bongo,23498043.13,97.0
mazda,brawny,4613522.48,90.0
mazda,buddytruck,346571.89,49.0
mazda,carol,693651.7,66.0
mazda,comettipper,929641.97,71.0
mazda,ct,459888.63,56.0
mazda,demio,124138.79,18.0
mazda,dynasinglewheel,340679.13,49.0
mazda,everyda52,168659.09999999998,26.0
mazda,familia,590910.72,62.0
mazda,familiabj5p,3109322.9,87.0
mazda,familiabutterfly,105440.42,13.0
mazda,flairfz,1807446.1,81.0
mazda,fz,391260.24,53.0
mazda,kcwgsat,285535.2,45.0
mazda,lionface,337073.03,49.0
mazda,mazda,3880092.76,89.0
mazda,minica,107292.67,14.0
mazda,ms8,217875.7,34.0
mazda,platina,354907.86,50.0
mazda,premio,2064526.96,82.0
mazda,re,267104.72,42.0
mazda,rx8sports,778782.81,68.0
mazda,scrum,988740.82,71.0
mazda,sk2008,329305.24,48.0
mazda,swaraj,274010.3,43.0
mazda,tipper,298865.55,45.0
mazda,titan,9591506.7,94.0
mazda,ud,333527.74,48.0
mazda,vanette,1086224.02,73.0
mazda,vanettegllionface,13690870.760000002,96.0
mercedesbenz,1220,1193052.31,74.0
mercedesbenz,140mb,194936.15999999997,30.0
mercedesbenz,1982,344967.34,49.0
mercedesbenz,203cclass,642408.5900000001,64.0
mercedesbenz,320d,472529.96,57.0
mercedesbenz,a1,4124555.06,89.0
mercedesbenz,a1coupe,1276849.91,75.0
mercedesbenz,apachertr200,17239881.61,96.0
mercedesbenz,c180,5845174.98,92.0
mercedesbenz,c180w203,152343.85,23.0
mercedesbenz,c200,1884929.5,81.0
mercedesbenz,c300,5065659.33,91.0
mercedesbenz,c350e,4035343.3600000003,89.0
mercedesbenz,c57,2047271.45,82.0
mercedesbenz,carinact210,669634.1,65.0
mercedesbenz,cla200amgpremiumplus,2036009.62,82.0
mercedesbenz,corollaae110sprinter,1328973.1,76.0
mercedesbenz,e200,1538879.55,78.0
mercedesbenz,e24,255351.6,40.0
mercedesbenz,e25,1988859.26,81.0
mercedesbenz,e300,4009433.8499999996,89.0
mercedesbenz,e300midnightedition,1791164.95,80.0
mercedesbenz,e350,5805094.38,92.0
mercedesbenz,gl,2976644.57,86.0
mercedesbenz,gle300d4matic,15840570.95,96.0
mercedesbenz,insight,1251030.62,75.0
mercedesbenz,kdhsupergl200,2174818.66,83.0
mercedesbenz,mb140d,275801.9,43.0
mercedesbenz,pulsar180,4233085.78,89.0
mercedesbenz,rd140,267257.27,42.0
mercedesbenz,re,29654449.35,98.0
mercedesbenz,re2009,6838929.33,93.0
mercedesbenz,s400,2221046.58,83.0
mercedesbenz,s500,273280.97,43.0
mercedesbenz,sk2008,924020.75,70.0
mercedesbenz,sk35,772990.76,67.0
mercedesbenz,slc,1244299.92,75.0
mercedesbenz,sline,1333487.18,76.0
mercedesbenz,slk200amg,1054253.49,72.0
mercedesbenz,sv400,3779068.05,88.0
mercedesbenz,vikinorv125vietnam,450036.91000000003,56.0
mercedesbenz,w202c220,3769543.4299999997,88.0
mercedesbenz,w210,148292.79,23.0
mercedesbenz,ws500a2,322441.63,48.0
mercedesbenz,yb25,2533865.0700000003,85.0
mg,45di,177989.91,27.0
mg,fzsversion20,1217441.77,74.0
mg,ranger,1087217.34,73.0
micro,actyon,3847701.29,89.0
micro,backhoeloaderp21,356396.27,50.0
micro,elf,264659.54,42.0
micro,ex25,424795.35,55.0
micro,freelander2,2057359.05,82.0
micro,goldendragon,286432.03,45.0
micro,grandhiacekdh,265620.91,42.0
micro,korando,486961.88,58.0
micro,kyron,286122.68,45.0
micro,loader,916978.19,70.0
micro,micro,881331.38,70.0
micro,mpv,7045813.38,93.0
micro,mx7,231284.89,37.0
micro,mx7geelycam,3127920.02,87.0
micro,panda,25431863.75,98.0
micro,re,4363418.37,90.0
micro,rodius,208326.21,32.0
mini,cooper,907476.6200000001,70.0
mini,harvester,127192.86,19.0
mitsubishi,1210,251961.1,40.0
mitsubishi,145ft,101395.58,13.0
mitsubishi,1510,119544.59,17.0
mitsubishi,1630,422551.33,55.0
mitsubishi,3600,172126.94,27.0
mitsubishi,4d35,262051.7,41.0
mitsubishi,5310,251371.67,40.0
mitsubishi,a4,290304.86,45.0
mitsubishi,attrage,717593.79,66.0
mitsubishi,babyrosa,1384925.79,76.0
mitsubishi,bolarosa,8101861.21,93.0
mitsubishi,bolero,2358922.96,84.0
mitsubishi,bongo,151669.04,23.0
mitsubishi,bs3f,151858.78,23.0
mitsubishi,buddytruck,793138.55,68.0
mitsubishi,canter,34128046.53,98.0
mitsubishi,canter1454d35,280663.27,44.0
mitsubishi,cbr600,122742.21,18.0
mitsubishi,ck8,106681.85,14.0
mitsubishi,comettipper,1456705.77,77.0
mitsubishi,corolla2nl30,2078944.61,82.0
mitsubishi,cs3,292440.55,45.0
mitsubishi,d2,503891.75,59.0
mitsubishi,d21,146597.36,22.0
mitsubishi,delica,178194.91,28.0
mitsubishi,delical300,778316.33,67.0
mitsubishi,delicapo15,1195725.88,74.0
mitsubishi,delicapo5,267494.84,42.0
mitsubishi,dumptruck,173709.53,27.0
mitsubishi,eclipsecross,1047482.89,72.0
mitsubishi,ekwagon,396946.13,53.0
mitsubishi,elephantbackwagon,2440257.24,84.0
mitsubishi,every,555012.98,61.0
mitsubishi,excavator,380790.58999999997,52.0
mitsubishi,excavator110,313467.20999999996,47.0
mitsubishi,fe33fe6r,177668.42,27.0
mitsubishi,fe71cb8r,319693.79,47.0
mitsubishi,forklift,775544.53,67.0
mitsubishi,forwardboomtrucksaleorrent,377616.35,52.0
mitsubishi,freelander2,866664.79,69.0
mitsubishi,fuso,3242306.76,87.0
mitsubishi,fusofightertipper,813867.3200000001,68.0
mitsubishi,fusofreezer,9238025.08,94.0
mitsubishi,galant,1202921.22,74.0
mitsubishi,havelh5diselfullopinionsportsmodeljeep,351101.07,50.0
mitsubishi,hero,620851.3,63.0
mitsubishi,hiluxrevolution,854874.2,69.0
mitsubishi,l200,5270561.359999999,91.0
mitsubishi,l200triton,155179.82,24.0
mitsubishi,l200trojan,19615108.490000002,97.0
mitsubishi,l300,1346357.23,76.0
mitsubishi,l300delicap25v,215699.92,34.0
mitsubishi,l400spacegear,1382544.3599999999,76.0
mitsubishi,lancer,11338936.56,95.0
mitsubishi,lancerck1,112009.14,15.0
mitsubishi,leu61t,287410.39,45.0
mitsubishi,lh,402130.15,54.0
mitsubishi,library,189449.76,29.0
mitsubishi,liteacecm35,574301.39,62.0
mitsubishi,loader,183525.93,28.0
mitsubishi,mg230,778613.4299999999,68.0
mitsubishi,mini,366727.08999999997,51.0
mitsubishi,minica,11218250.35,95.0
mitsubishi,minicabu61,514105.92000000004,60.0
mitsubishi,mirage,505827.51,59.0
mitsubishi,mitsubishi,3929918.58,89.0
mitsubishi,mm30,198776.99,31.0
mitsubishi,mm30texcavator,342111.32999999996,49.0
mitsubishi,monterosport,3877692.76,89.0
mitsubishi,monterov77v6,2231362.37,83.0
mitsubishi,motor,1013077.6799999999,72.0
mitsubishi,ms30,181016.16999999998,28.0
mitsubishi,navi,594839.63,63.0
mitsubishi,odu61t,240033.6,38.0
mitsubishi,outlander,6692423.72,92.0
mitsubishi,pajerocomputerbody19921992,2074326.52,82.0
mitsubishi,po15,355769.21,50.0
mitsubishi,po5,1663945.98,79.0
mitsubishi,re,3829614.53,88.0
mitsubishi,rio,130350.29,19.0
mitsubishi,rosa,259545.94,41.0
mitsubishi,rvr,672324.25,65.0
mitsubishi,strada,577557.28,62.0
mitsubishi,stradak74,2047410.4200000002,82.0
mitsubishi,tipper,563742.77,61.0
mitsubishi,u41v,208271.72,32.0
mitsubishi,vanette,131961.08,20.0
mitsubishi,watertank,55291.3,4.0
mitsubishi,ws500a2,299807.18,45.0
newholland,4710,1916631.8,81.0
newholland,x54x4,217818.75,34.0
nissan,a1,305038.54,46.0
nissan,a3,523009.20999999996,60.0
nissan,adwagon,323799.74,48.0
nissan,altok10,162128.79,25.0
nissan,atlas,13884693.09,96.0
nissan,b12,406417.45,54.0
nissan,b12sunny,185122.44,29.0
nissan,b13,1985621.35,81.0
nissan,bluebird,480862.0,57.0
nissan,bluebirdsu13,1242409.41,75.0
nissan,bongo,1736095.82,80.0
nissan,buddytruck,1064324.17,72.0
nissan,ca,102942.66,13.0
nissan,cabstar,1151374.91,74.0
nissan,caravan,6805320.12,93.0
nissan,caravane25,3679617.77,88.0
nissan,caravanhomy,192705.29,30.0
nissan,caravankota,33650622.24,98.0
nissan,caravanqd32,397235.18999999994,53.0
nissan,caravanvrge24,1193628.35,74.0
nissan,caravanvx,485667.19999999995,58.0
nissan,ce108corollawagon,472898.15,57.0
nissan,cedricgloria,487525.98,58.0
nissan,cedricy33brougham,594133.06,63.0
nissan,cefiro,229097.21,36.0
nissan,cefiroa33,2393130.64,84.0
nissan,cefiroteana,89692.23,12.0
nissan,civic,3769633.88,88.0
nissan,clipper,12690258.9,95.0
nissan,comettipper,552431.4199999999,61.0
nissan,corolla2nl30,281157.33999999997,44.0
nissan,d21,3645851.5,88.0
nissan,d21singlecab,131977.04,20.0
nissan,d22,2202590.84,83.0
nissan,d27,324652.32999999996,48.0
nissan,da64wagon,329658.08,48.0
nissan,das6pc15,156203.27,24.0
nissan,datsun,211990.99,33.0
nissan,dayz,1224004.53,75.0
nissan,doctorsunny,2075772.9,82.0
nissan,dynapacc241doubledrumroller,305285.74,46.0
nissan,e24,382924.58,52.0
nissan,e25,195215.19,30.0
nissan,elf,381108.85,52.0
nissan,every,345396.86,49.0
nissan,fargo,2711470.39,86.0
nissan,fb14,585201.91,62.0
nissan,fb15,13732280.66,96.0
nissan,fb15exsaloon,660758.8,65.0
nissan,fd42,282264.61,44.0
nissan,forklift,750163.54,67.0
nissan,hino,238946.81,38.0
nissan,kcrgw40,213075.93,33.0
nissan,l200,8558514.81,94.0
nissan,leaf,14025520.82,96.0
nissan,march,3943576.82,89.0
nissan,marchk11,5908113.91,92.0
nissan,mobilecrane,486178.25,58.0
nissan,n16,8085271.96,93.0
nissan,n17,19345592.35,97.0
nissan,navara,3666062.06,88.0
nissan,navi,2641107.68,85.0
nissan,nissan,3703421.93,88.0
nissan,nv100da17,1319985.1099999999,76.0
nissan,primera,163669.73,25.0
nissan,primeralancerek3,524218.52,60.0
nissan,pulsar,327326.28,48.0
nissan,pulsar150,1465254.35,77.0
nissan,rayz,1727683.0299999998,80.0
nissan,re,14431839.32,96.0
nissan,star,200069.23,31.0
nissan,sunny,2431703.27,84.0
nissan,sunnyfb14,7771469.89,93.0
nissan,svvjc23closed,179704.51,28.0
nissan,sylphy,14196798.41,96.0
nissan,tiida,1195875.04,74.0
nissan,ud,548192.91,61.0
nissan,uv71,164494.19,25.0
nissan,vanette,38353230.61,99.0
nissan,vanettegllionface,794463.17,68.0
nissan,vujc22,129848.46,19.0
nissan,wingroad,217438.6,34.0
nissan,wingroadwfy11,1589494.8900000001,79.0
nissan,xtrail,24902571.25,97.0
nissan,zr,309349.8,47.0
nwow,ct,64894.36,8.0
nwow,gb2,52535.04,4.0
opel,stradak74,187611.17,29.0
other,1510,53317.94,4.0
other,abl,121666.04,17.0
other,abltipper,210491.48,33.0
other,agrotecheco,307398.48,46.0
other,alba2005,69310.28,9.0
other,bomag,946282.7,71.0
other,bowser,264264.19,42.0
other,chana,222946.67,35.0
other,cityride,57613.65,5.0
other,cm,539127.8300000001,60.0
other,comettipper,221795.78,35.0
other,ct,277238.64,44.0
other,daelimmagma,49868.05,2.0
other,dafeuro6,175915.0,27.0
other,daido,52689.16,4.0
other,dc70,219596.0,35.0
other,dimolokka,274038.51,43.0
other,discover125,480746.46,57.0
other,double,132140.11,20.0
other,dyna,352961.97,50.0
other,dynoscooby,70588.33,9.0
other,farmtrac6050,138286.35,21.0
other,forklift,564702.81,61.0
other,ft60,155931.54,24.0
other,furukawa,542935.0700000001,61.0
other,fusofreezer,186024.64,29.0
other,gn125,240261.66999999998,38.0
other,gt81,115616.63,16.0
other,h1,410996.08,54.0
other,harvester,1897827.21,81.0
other,hino,266875.58,42.0
other,king,96554.38,12.0
other,komatsu,187027.02,29.0
other,lf12511,53647.93,4.0
other,loader,655977.77,64.0
other,minica,221527.74,35.0
other,nextmotive,226318.52,36.0
other,nwow,58284.57,5.0
other,r2,1202390.78,74.0
other,re,51063.61,3.0
other,royalenfieldclassic,129965.27,19.0
other,rv00,131042.32,20.0
other,rv125,374800.25,52.0
other,sh812,126240.42,18.0
other,sifang,1210358.01,74.0
other,snowlepord,66033.32,8.0
other,solidreoelectric,55756.01,5.0
other,tera,136621.4,20.0
other,ton,322020.98,48.0
other,trailer,460469.96,56.0
other,watertank,119418.98,17.0
other,wpbcc,66544.07,8.0
other,xgw,64415.71,8.0
other,xml6481e,576165.08,62.0
other,xtrail,268963.36,42.0
other,zibo,193812.14,30.0
perodua,axia,1135194.55,73.0
perodua,axio,734768.47,66.0
perodua,bezza,1639617.1400000001,79.0
perodua,kelisa,2804889.37,86.0
perodua,lml,58017.41,5.0
perodua,re,1458714.47,77.0
perodua,vivaelite,13286838.7,96.0
peugeot,307disign,120466.98,17.0
peugeot,406d9,146486.41,22.0
peugeot,ca,306476.79,46.0
peugeot,jive,498040.23,59.0
peugeot,rcz,605786.7,63.0
peugeot,re,559809.05,61.0
piaggio,ape,1176320.52,74.0
piaggio,apextra2018,5177518.06,91.0
piaggio,atlas,61486.33,6.0
piaggio,bossa,1581920.23,78.0
piaggio,cityride,98848.98,12.0
piaggio,ud,82651.04,11.0
porsche,cayennesehybrid,1128641.65,73.0
porsche,ybr,2114388.73,83.0
powertrac,euro50,432990.03,55.0
powertrac,farmtrac6050,195843.33,30.0
powertrac,ft60,166472.43,26.0
powertrac,powertrac,201476.93,32.0
proton,aumark,213682.73,33.0
proton,hunkdouble,137467.78,21.0
proton,lvbv3,199519.42,31.0
proton,potondouble,273136.7,43.0
proton,wiraefi,784394.24,68.0
rangerover,vogue,11266104.58,95.0
ranomoto,a1,58214.62,5.0
ranomoto,civic,50588.53,3.0
ranomoto,crosscub,60168.02,6.0
ranomoto,gn,74897.63,10.0
ranomoto,gn125,298821.42,45.0
ranomoto,h100,59537.84,6.0
ranomoto,keeway,66435.27,8.0
ranomoto,pattaya,2509554.59,85.0
ranomoto,re,601896.8,63.0
ranomoto,superace,123154.75,18.0
ranomoto,supercub,101742.12,13.0
ranomoto,sweety,64809.27,8.0
ranomoto,wave,89761.34,12.0
renault,kwid,9050052.19,94.0
renault,re,490350.85,58.0
renault,trailer,353469.3,50.0
senaro,48cc,63732.43,8.0
singer,48cc,167368.08000000002,26.0
singer,eagle125,163763.25,25.0
singer,safari4s,386080.35,53.0
singer,sifang,369609.07,51.0
singer,winger,108828.33,14.0
smart,harvester,110001.87,14.0
sonalika,7250,147227.82,23.0
sonalika,sonalika,509753.97,59.0
subaru,apachertr200,666879.27,65.0
subaru,ks3,209983.06,33.0
subaru,kv3,191514.28,30.0
subaru,metroplus,241473.23,38.0
subaru,minica,189676.16,29.0
subaru,pleo2003,205412.44,32.0
subaru,re,189111.74,29.0
subaru,sambar,4189032.2,89.0
subaru,sport,1335839.97,76.0
subaru,stellaawdsafetyturbo,834240.3899999999,69.0
subaru,subaru,226584.38,36.0
subaru,tv1,750418.23,67.0
subaru,ud,214994.85,34.0
subaru,wrx,1267811.94,75.0
suzuki,1510,78021.56,11.0
suzuki,48cc,52032.51,3.0
suzuki,a1,1539688.48,78.0
suzuki,a6,943105.36,71.0
suzuki,alto,115580821.93,100.0
suzuki,atv,52551.45,4.0
suzuki,balenoturbosafety,428403.71,55.0
suzuki,bandit,300839.01,46.0
suzuki,buddytruck,709835.6000000001,66.0
suzuki,burgman,2629768.54,85.0
suzuki,cabstar,4001104.33,89.0
suzuki,carrier,6070304.3,92.0
suzuki,carry,350972.41000000003,50.0
suzuki,choinori,111247.06,14.0
suzuki,cultusjapan,226584.07,36.0
suzuki,da52,63327.93,7.0
suzuki,da63t,1637227.8900000001,79.0
suzuki,da64wagon,1706109.26,79.0
suzuki,dio,62198.61,7.0
suzuki,djebel250xc,199854.81,31.0
suzuki,drz400,115495.15,15.0
suzuki,drz400cc,362068.99,51.0
suzuki,dtm200,107926.44,14.0
suzuki,dtracker,172693.09,27.0
suzuki,esteem,553860.29,61.0
suzuki,estilo,2389412.74,84.0
suzuki,every,97101439.71,100.0
suzuki,everyda17,753099.52,67.0
suzuki,everyda52,838629.73,69.0
suzuki,everyfulljointurbo,328900.39,48.0
suzuki,gixxer,578540.7,62.0
suzuki,gn,83754.36,11.0
suzuki,gn125,3287348.91,87.0
suzuki,granvia,313037.24,47.0
suzuki,gs125,403787.16000000003,54.0
suzuki,gsr,119264.73,17.0
suzuki,gsxr,116695.49,16.0
suzuki,hijet,476112.25,57.0
suzuki,hustler,1552046.79,78.0
suzuki,hustlersafety,6605430.35,92.0
suzuki,isuzu,2952491.18,86.0
suzuki,liana,1326046.76,76.0
suzuki,maruti,30979066.69,98.0
suzuki,maxximo,114599.91,15.0
suzuki,mini,2510662.61,85.0
suzuki,mirajhyosung,50888.66,3.0
suzuki,nv100da17,356179.31,50.0
suzuki,premiogsuperior,148815.47,23.0
suzuki,r1,178197.21,28.0
suzuki,r2,61601.68,7.0
suzuki,re,7161194.45,93.0
suzuki,rg50e,60007.29,6.0
suzuki,rio,9897297.93,94.0
suzuki,scrum,246174.18,39.0
suzuki,spacia,18569338.67,97.0
suzuki,starlet,244365.05,39.0
suzuki,sv400,89896.88,12.0
suzuki,swift,29469211.89,98.0
suzuki,swiftkei,160524.48,25.0
suzuki,turbo,480057.88,57.0
suzuki,ud,362722.13,51.0
suzuki,vitz,232736.59,37.0
suzuki,volty,417146.25,54.0
suzuki,wagonr,183496490.59,100.0
suzuki,wagonrstingray,2453922.2,84.0
suzuki,wave,74590.75,10.0
suzuki,zen,1765027.78,80.0
swaraj,swaraj,199432.64,31.0
tafe,45di,12340826.49,95.0
tafe,5245,500689.76,59.0
tafe,degree250,270850.17,43.0
tafe,gn125,126594.75,18.0
tafe,sifang,336218.06,49.0
tafe,tafe,941761.28,71.0
tafe,wagonrfz,431488.8,55.0
tafe,watertank,120862.58,17.0
tafe,xtrail,1137993.83,73.0
tata,1220,200191.73,31.0
tata,1313,421262.52,55.0
tata,1510,923627.1699999999,70.0
tata,1613,5089106.1,91.0
tata,1618,352494.41,50.0
tata,207di,1497229.5,78.0
tata,207ex,106736.47,14.0
tata,207rx,315350.15,47.0
tata,209,342457.77,49.0
tata,2516,1428721.97,77.0
tata,520d,189263.86,29.0
tata,709e,1535905.17,78.0
tata,713carrier,159428.15,25.0
tata,909ex,240482.78,38.0
tata,aceht2,228471.68,36.0
tata,acezip,194928.91,30.0
tata,bowser,443517.49,56.0
tata,ca,223229.04,35.0
tata,cabstar,706180.0700000001,66.0
tata,carinact210,2620729.24,85.0
tata,carrier,265779.24,42.0
tata,cityride,1047193.39,72.0
tata,comettipper,1868885.92,81.0
tata,ct,257246.57,40.0
tata,d21singlecab,269873.94,43.0
tata,dimobatta,73116383.2,99.0
tata,dimolokka,13751119.69,96.0
tata,elf1612,205815.03,32.0
tata,ht2,1355349.16,76.0
tata,indica,1133657.71,73.0
tata,indigo,843428.72,69.0
tata,ist,187314.1,29.0
tata,lh113,1237753.99,75.0
tata,lp90949,275454.1,43.0
tata,lpk1615,5757489.75,92.0
tata,lpk407,216260.59,34.0
tata,lpt1109,1088690.4100000001,73.0
tata,lpt719s,460161.77,56.0
tata,lpt809,319826.23,47.0
tata,marcopolo,188679.36,29.0
tata,marcopolo709,6420875.29,92.0
tata,minica,1300801.75,75.0
tata,nano,466316.73,56.0
tata,nanocx,1469086.93,77.0
tata,po15,142415.11,21.0
tata,pulsar150,5513878.79,91.0
tata,re,1437622.05,77.0
tata,rx207,442486.42,56.0
tata,sfg407,174828.92,27.0
tata,singlecab,165479.74,26.0
tata,sline,249674.79,39.0
tata,star,400739.59,54.0
tata,superace,3041484.12,86.0
tata,tenwheeltipr,3169482.94,87.0
tata,tipper,1644263.96,79.0
tata,trailer,224349.27,35.0
tata,wingroadwfy11,71353.91,9.0
tata,x2,159817.3,25.0
tata,xenon,16443288.07,96.0
tata,yodha,1203490.87,74.0
toyota,107ssrx,117449.07,16.0
toyota,1212,283485.54,44.0
toyota,1510,150975.0,23.0
toyota,1613,3775401.31,88.0
toyota,1630,260447.16,41.0
toyota,1kz,108681.04,14.0
toyota,40b,158434.72,24.0
toyota,a1,24853900.75,97.0
toyota,abltipper,220141.85,35.0
toyota,ae100selimited,252516.57,40.0
toyota,ae110xesaloon,190131.34,29.0
toyota,allion,8246153.52,94.0
toyota,allion240,47660998.86,99.0
toyota,allion260,441090.13,55.0
toyota,allion260ggrade,17837410.65,96.0
toyota,alpha,593953.42,63.0
toyota,aqua,37255212.35,99.0
toyota,aquaglimited,37220736.5,98.0
toyota,aumark,346950.46,49.0
toyota,axio,144988012.28,100.0
toyota,axiofielder,5909804.94,92.0
toyota,axioggrade,2160147.15,83.0
toyota,axionze141,242095.14,39.0
toyota,belta,7198205.36,93.0
toyota,bossa,169326.27,27.0
toyota,c300,233813.45,37.0
toyota,ca,234826.96,37.0
toyota,caldina,595468.01,63.0
toyota,camry,720656.17,66.0
toyota,carina,2344718.23,84.0
toyota,carinact210,2607804.25,85.0
toyota,ce108corollawagon,117765.72,17.0
toyota,chr,7918386.72,93.0
toyota,cm,976307.8300000001,71.0
toyota,coaster,7105512.73,93.0
toyota,comettipper,884347.59,70.0
toyota,corolla,7462214.56,93.0
toyota,corolla2,6269744.24,92.0
toyota,corolla2nl30,5620668.86,92.0
toyota,corollaae,1545997.77,78.0
toyota,corollaae100,994647.77,71.0
toyota,corollaae100marino,94368.37,12.0
toyota,corollaae110sprinter,3712901.37,88.0
toyota,corollace100,93572.38,12.0
toyota,corollace108,87803.14,12.0
toyota,corollace110,1301976.79,75.0
toyota,corollace90at,48709.73,2.0
toyota,corolladxwagonee96,476182.45,57.0
toyota,corollaee96dxwagon,189809.27,29.0
toyota,corollanze121xgrade,378565.19,52.0
toyota,corollasport,1591151.26,79.0
toyota,corollawagonce96,302911.73,46.0
toyota,corollaxesaloon,142876.59,21.0
toyota,corona,1319393.98,76.0
toyota,corsalimited,740576.59,67.0
toyota,cr27,2367620.61,84.0
toyota,cr36,1758730.07,80.0
toyota,cr42,11051997.96,95.0
toyota,cr51,741293.35,67.0
toyota,crown,3325605.34,87.0
toyota,deliboy,200574.85,31.0
toyota,dolphin,52432087.03,99.0
toyota,dolphinlh123,1198151.29,74.0
toyota,double,649106.6,64.0
toyota,duet,266988.76,42.0
toyota,dyna,52884359.82,99.0
toyota,ee101,430665.37,55.0
toyota,ee90,131396.90000000002,20.0
toyota,elephantback,1746157.74,80.0
toyota,estima,337604.57,49.0
toyota,fg25,109982.12,14.0
toyota,forklift,144640.98,22.0
toyota,fortuner1kd,624580.62,64.0
toyota,forwardboomtrucksaleorrent,470305.19,57.0
toyota,gdh,4044391.2,89.0
toyota,glamour,371537.82,52.0
toyota,granvia,326225.9,48.0
toyota,h1,218934.52,34.0
toyota,harrier,2190347.94,83.0
toyota,hiace,30822419.699999996,98.0
toyota,highroof,1504397.86,78.0
toyota,hilux,20390999.86,97.0
toyota,hiluxln106,259891.16999999998,41.0
toyota,hiluxln145,272480.75,43.0
toyota,hiluxrocco,42111693.49,99.0
toyota,hinoturbo54seat,1414196.44,77.0
toyota,ist,2096464.63,83.0
toyota,jade,794856.16,68.0
toyota,jeep,233122.43,37.0
toyota,jobson,168133.5,26.0
toyota,kcly111,267368.45,42.0
toyota,kdh,22989196.0,97.0
toyota,kdh200,7782166.5600000005,93.0
toyota,kdh200gl,24268730.15,97.0
toyota,kdh201supergl,1502332.0,78.0
toyota,kdh201supergldarkprime,51604977.52,99.0
toyota,kdhdarkprime,95073316.03,100.0
toyota,kdhsupergl,969315.98,71.0
toyota,kr42,32643034.08,98.0
toyota,l200,2000501.62,82.0
toyota,lancer,523687.01,60.0
toyota,landcruiser,7503685.09,93.0
toyota,landcrusierprado,5543782.1899999995,91.0
toyota,lanza,1065355.6099999999,72.0
toyota,lh,4030183.02,89.0
toyota,lh102,1819563.4100000001,81.0
toyota,lh113,2271188.53,84.0
toyota,liteace,10574345.32,94.0
toyota,liteacecm36,413875.05,54.0
toyota,ln65,133293.98,20.0
toyota,ly102,121959.74,18.0
toyota,markx,358976.33999999997,51.0
toyota,n16,928547.73,70.0
toyota,noah,17799379.81,96.0
toyota,noahcr42,49943802.08,99.0
toyota,passo,9700560.08,94.0
toyota,pixisepoch,1471623.46,77.0
toyota,platina125,307811.29,46.0
toyota,platz,149631.65,23.0
toyota,prado,558352.21,61.0
toyota,prius,52242830.08,99.0
toyota,r2,1708689.93,79.0
toyota,rav4,279033.97,44.0
toyota,re,144105212.88,100.0
toyota,roomy,1510406.44,78.0
toyota,rush,302000.85,46.0
toyota,sai,800574.52,68.0
toyota,salvan,225394.03,35.0
toyota,shell,6107136.82,92.0
toyota,sientaggrade,4290165.97,89.0
toyota,smartcab,973016.4,71.0
toyota,soluna,581847.02,62.0
toyota,sprinter,366902.23,51.0
toyota,star,161440.21,25.0
toyota,starlet,4578884.13,90.0
toyota,supercub,592017.1200000001,62.0
toyota,supercustom,194430.29,30.0
toyota,surf,317517.74,47.0
toyota,tankgtturbo,513213.49,60.0
toyota,tera,555153.89,61.0
toyota,tercel,117882.86,17.0
toyota,townace,18083938.5,97.0
toyota,townaceliteacenoahkr42,22614102.8,97.0
toyota,townacelotto,1347954.38,76.0
toyota,townacenoahkr42,2386989.17,84.0
toyota,toyoace,6345631.78,92.0
toyota,toyota,122686.06,18.0
toyota,trhsupergl,417158.93,54.0
toyota,turbo,510854.25,59.0
toyota,vanat,253210.11,40.0
toyota,vigochamp,480549.19,57.0
toyota,vios,5166283.11,91.0
toyota,vitz,51637321.79,99.0
toyota,voxy,1316371.1400000001,76.0
toyota,voxynoah,8717112.76,94.0
toyota,wagonr,615628.35,63.0
toyota,x1,169743.74,27.0
toyota,xl,963782.62,71.0
toyota,yaris,15953613.57,96.0
tvs,1510,127029.95999999999,19.0
tvs,48cc,44568.22,1.0
tvs,apache,1786931.46,80.0
tvs,apachertr200,2048271.68,82.0
tvs,cbhonart160,66414.73,8.0
tvs,corollasport,57473.78,5.0
tvs,fierofx150,99897.73000000001,12.0
tvs,flame,1124122.1,73.0
tvs,glamour,66157.21,8.0
tvs,hiluxchamp,55101.12,4.0
tvs,hiluxln106,237150.95,38.0
tvs,king,4604485.74,90.0
tvs,metro,2125388.09,83.0
tvs,navaraaventura,679992.21,65.0
tvs,nextmotive,128486.5,19.0
tvs,ntorq,7735058.21,93.0
tvs,ntorqraceedition,76386.22,10.0
tvs,r1,62901.73,7.0
tvs,re,2178683.1,83.0
tvs,safari4s,28243.42,1.0
tvs,santro,59746.37,6.0
tvs,scootypepplus,4302782.62,89.0
tvs,sr125,62886.88,7.0
tvs,star,1455686.07,77.0
tvs,tera,179650.84999999998,28.0
tvs,tvs,52144.81,3.0
tvs,victor,1138773.54,73.0
tvs,wego,5908252.5,92.0
tvs,x1,50716.47,3.0
tvs,xl,694230.4199999999,66.0
tvs,zest110,60059.42,6.0
vespa,vespa,84410.93,11.0
vespa,xl,155948.37,24.0
volkswagen,aumark,348908.03,50.0
volkswagen,tiguanallspace,687018.13,65.0
volvo,townaceglabfs402m,640599.1499999999,64.0
wave,tera,60888.62,6.0
yadea,m6,144922.74,22.0
yadea,ruby,203252.53,32.0
yadea,supro,145895.22999999998,22.0
yadea,t5,378704.12,52.0
yadea,t94x4,64127.09,8.0
yamaha,1510,104239.52,13.0
yamaha,alpha,227757.37,36.0
yamaha,atv,127867.14000000001,19.0
yamaha,b50,47426.97,2.0
yamaha,caliber,48376.68,2.0
yamaha,cd125,156127.79,24.0
yamaha,chappy,62009.62,7.0
yamaha,discover125,64665.77,8.0
yamaha,doctorsunnyb13,52174.08,3.0
yamaha,dt200,234197.91,37.0
yamaha,fazer,48803.91,2.0
yamaha,fz,3325418.62,87.0
yamaha,fzs,1600439.22,79.0
yamaha,fzsversion20,8212668.83,94.0
yamaha,fzsversion30,578801.62,62.0
yamaha,fzversion2,3342426.27,88.0
yamaha,hino,317021.86,47.0
yamaha,k700,75318.47,10.0
yamaha,l200,50792.89,3.0
yamaha,lanza230,74052.32,10.0
yamaha,maestroedge,222939.66,35.0
yamaha,mate,339370.11,49.0
yamaha,maxximo,94163.93,12.0
yamaha,md90,52554.31,4.0
yamaha,mini,70661.9,9.0
yamaha,mpv2,78555.24,11.0
yamaha,mt15,1351791.48,76.0
yamaha,pulsar150,1032622.16,72.0
yamaha,r2,1424224.04,77.0
yamaha,rayzr,10182420.31,94.0
yamaha,re,1103335.78,73.0
yamaha,rs125z,55624.48,4.0
yamaha,saluto,62432.34,7.0
yamaha,serow225,156893.93,24.0
yamaha,supercub90,43076.14,1.0
yamaha,szx,226203.88,36.0
yamaha,t5,100226.23999999999,12.0
yamaha,tw200,81741.57,11.0
yamaha,v15,125647.98000000001,18.0
yamaha,v50,58082.41,5.0
yamaha,virago250,75540.67,10.0
yamaha,wrx,158233.2,24.0
yamaha,x1,25610.43,1.0
yamaha,y31wa,229543.31,36.0
yamaha,yamaha,81959.11,11.0
yamaha,ybr,997500.65,71.0
yanmar,1220,502214.06,59.0
yanmar,2005,165877.52,26.0
yanmar,af26,214164.22,33.0
yanmar,b27,1409108.96,77.0
yanmar,b32,180416.21,28.0
yanmar,b75a,416507.82,54.0
yanmar,c70,484664.47,58.0
yanmar,er65,116711.14,16.0
yanmar,excavator,258194.23,40.0
yanmar,excavator110,130943.71,20.0
yanmar,harvester,238390.11,38.0
yanmar,loader,169915.11,27.0
yanmar,solis,284378.08,44.0
yanmar,supercub50,387450.06,53.0
yanmar,y31wa,437837.76,55.0
yanmar,yamarb37,1146560.23,73.0
yanmar,yb25,133201.21,20.0
yanmar,yb301,575046.36,62.0
yanmar,yc60,112911.02,15.0
yuejin,20feet,152392.74,23.0
yuejin,comettipper,220522.9,35.0
yuejin,dualpurpose2017,197998.03,31.0
yuejin,dynasinglewheel,233819.25,37.0
yuejin,re,256779.26,40.0
yuejin,yuejin,848973.33,69.0
zongshen,astina,123064.14,18.0
zongshen,supercub,50283.58,3.0
zotye,ct100,1705556.5,79.0
zotye,gn,113618.66,15.0
zotye,nomad,1248112.5,75.0
